{
  "allFiles": [
    {
      "file": "/storage/emulated/0/AndroidIDEProjects/mk/app/src/main/java/org/lsposed/hijack/hook/Hook.java",
      "selection": {
        "end": {
          "column": 52,
          "index": 9595,
          "line": 254
        },
        "start": {
          "column": 52,
          "index": 9595,
          "line": 254
        }
      }
    },
    {
      "file": "/storage/emulated/0/AndroidIDEProjects/mk/app/src/main/res/layout/fragment_home.xml",
      "selection": {
        "end": {
          "column": 52,
          "index": 20847,
          "line": 410
        },
        "start": {
          "column": 41,
          "index": 20836,
          "line": 410
        }
      }
    },
    {
      "file": "/storage/emulated/0/AndroidIDEProjects/mk/app/src/main/java/org/lsposed/hijack/ui/fragment/HomeFragment.java",
      "selection": {
        "end": {
          "column": 95,
          "index": 8532,
          "line": 189
        },
        "start": {
          "column": 95,
          "index": 8532,
          "line": 189
        }
      }
    },
    {
      "file": "/storage/emulated/0/AndroidIDEProjects/mk/app/src/main/res/values/strings.xml",
      "selection": {
        "end": {
          "column": 40,
          "index": 353,
          "line": 7
        },
        "start": {
          "column": 18,
          "index": 331,
          "line": 7
        }
      }
    }
  ],
  "selectedFile": "/storage/emulated/0/AndroidIDEProjects/mk/app/src/main/java/org/lsposed/hijack/ui/fragment/HomeFragment.java"
}