{
  "allFiles": [
    {
      "file": "/storage/emulated/0/AndroidIDEProjects/mk/app/src/main/java/org/lsposed/hijack/hook/Hook.java",
      "selection": {
        "end": {
          "column": 20,
          "index": 9160,
          "line": 277
        },
        "start": {
          "column": 20,
          "index": 9160,
          "line": 277
        }
      }
    },
    {
      "file": "/storage/emulated/0/AndroidIDEProjects/mk/app/src/main/java/org/lsposed/hijack/hook/HookUtils.java",
      "selection": {
        "end": {
          "column": 34,
          "index": 3931,
          "line": 113
        },
        "start": {
          "column": 34,
          "index": 3931,
          "line": 113
        }
      }
    },
    {
      "file": "/storage/emulated/0/AndroidIDEProjects/mk/app/src/main/java/org/lsposed/hijack/hook/Blocker.java",
      "selection": {
        "end": {
          "column": 37,
          "index": 9166,
          "line": 118
        },
        "start": {
          "column": 37,
          "index": 9166,
          "line": 118
        }
      }
    }
  ],
  "selectedFile": "/storage/emulated/0/AndroidIDEProjects/mk/app/src/main/java/org/lsposed/hijack/hook/Blocker.java"
}